{
  "labels": [
    {
      "name": "Work",
      "color": "color_red"
    },
    {
      "name": "Home",
      "color": "color_green"
    },
    {
      "name": "Personal",
      "color": "color_blue"
    }
  ],
  "tasks":[
    {
      "id":7,
      "name":"Send Status Report",
      "dueDate":"12/30/1981",
      "note":"",
      "completed":false,
      "labelName":"Inbox"
    },
    {
      "id":8,
      "name":"Learn Angular JS 1.x",
      "dueDate":"12/30/1981",
      "note":"",
      "completed":false,
      "labelName":"Work"
    },
    {
      "id":9,
      "name":"Purchase Grocery",
      "dueDate":"12/30/1981",
      "note":"",
      "completed":true,
      "labelName":"Home"
    }
  ]
}


